last_edited,title,url
" This page was last edited on 21 December 2021, at 16:37",Kevin Bacon,https://en.wikipedia.org/wiki/Kevin_Bacon
" This page was last edited on 2 March 2021, at 15:35",SixDegrees.org,https://en.wikipedia.org/wiki/SixDegrees.org
" This page was last edited on 30 December 2021, at 03:16", (TV series),https://en.wikipedia.org/wiki/I_Love_Dick_(TV_series)
" This page was last edited on 11 January 2022, at 11:05",Golden Globe Award for Best Actor – Television Series Musical or Comedy,https://en.wikipedia.org/wiki/Golden_Globe_Award_for_Best_Actor_%E2%80%93_Television_Series_Musical_or_Comedy
" This page was last edited on 9 January 2022, at 15:59",Six Degrees of Kevin Bacon,https://en.wikipedia.org/wiki/Six_Degrees_of_Kevin_Bacon
" This page was last edited on 12 January 2022, at 00:47",Hollywood Walk of Fame,https://en.wikipedia.org/wiki/Hollywood_Walk_of_Fame
" This page was last edited on 7 January 2022, at 15:48",Academy Awards,https://en.wikipedia.org/wiki/Academy_Award
" This page was last edited on 12 January 2022, at 00:20","(None,)",https://en.wikipedia.org/wiki/The_Guardian
" This page was last edited on 10 December 2021, at 17:57",EE Limited,https://en.wikipedia.org/wiki/EE_Limited
" This page was last edited on 2 January 2022, at 00:49",Streaming television,https://en.wikipedia.org/wiki/Streaming_television
" This page was last edited on 12 January 2022, at 19:16",Screen Actors Guild Awards,https://en.wikipedia.org/wiki/Screen_Actors_Guild_Award
" This page was last edited on 9 January 2022, at 19:50",Primetime Emmy Awards,https://en.wikipedia.org/wiki/Primetime_Emmy_Award
" This page was last edited on 11 January 2022, at 07:43",Golden Globe Awards,https://en.wikipedia.org/wiki/Golden_Globe_Award
" This page was last edited on 24 December 2021, at 05:07","(None,)",https://en.wikipedia.org/wiki/Taking_Chance
" This page was last edited on 25 November 2021, at 13:34","(None,)",https://en.wikipedia.org/wiki/The_Following
" This page was last edited on 3 February 2021, at 11:11",Main Page,https://en.wikipedia.org/wiki/Main_Page
" This page was last edited on 12 January 2022, at 16:14",HBO,https://en.wikipedia.org/wiki/HBO
" This page was last edited on 22 November 2021, at 00:11",Trove,https://en.wikipedia.org/wiki/Trove_(identifier)
" This page was last edited on 25 June 2021, at 19:17",Système universitaire de documentation,https://en.wikipedia.org/wiki/SUDOC_(identifier)
" This page was last edited on 31 May 2021, at 11:24",Library Network of Western Switzerland,https://en.wikipedia.org/wiki/RERO_(identifier)
" This page was last edited on 24 December 2021, at 21:43",MusicBrainz,https://en.wikipedia.org/wiki/MBA_(identifier)
" This page was last edited on 8 January 2022, at 21:19",Virtual International Authority File,https://en.wikipedia.org/wiki/VIAF_(identifier)
" This page was last edited on 8 January 2022, at 01:43",International Standard Name Identifier,https://en.wikipedia.org/wiki/ISNI_(identifier)
